StartDate,EndDate,Status,IPAddress,Progress,Duration (in seconds),Finished,RecordedDate,ResponseId,RecipientLastName,RecipientFirstName,RecipientEmail,ExternalReference,LocationLatitude,LocationLongitude,DistributionChannel,UserLanguage,Knowledge_1,Knowledge_2,Knowledge_3,Knowledge_4,Knowledge_5,Knowledge_6,Knowledge_7,Knowledge_8,Knowledge_9,Knowledge_10,Knowledge_11,Knowledge_12,Knowledge_13,Knowledge_14,Knowledge_15,Knowledge_16,Knowledge_17,Knowledge_18,Knowledge_19,Attitudes_77,Attitudes_78,Attitudes_79,Attitudes_80,Attitudes_81,Attitudes_82,Attitudes_83,Attitudes_84,Attitudes_85,Attitudes_86,Attitudes_87,Attitudes_88,Attitudes_89,Attitudes_90,Attitudes_91
Start Date,End Date,Response Type,IP Address,Progress,Duration (in seconds),Finished,Recorded Date,Response ID,Recipient Last Name,Recipient First Name,Recipient Email,External Data Reference,Location Latitude,Location Longitude,Distribution Channel,User Language,"The following 19 statements refer to general information about clinical
trials. Please answer whether you believe each treatment is: true,
false, or unsure. - ""Informed consent"" means that I am given information about the trial so I can freely decide whether to participate.","The following 19 statements refer to general information about clinical
trials. Please answer whether you believe each treatment is: true,
false, or unsure. - ""Standard treatments"" are the best treatments currently known for a cancer.","The following 19 statements refer to general information about clinical
trials. Please answer whether you believe each treatment is: true,
false, or unsure. - Standard treatments are never as good as new research treatments.","The following 19 statements refer to general information about clinical
trials. Please answer whether you believe each treatment is: true,
false, or unsure. - Treatments used in clinical trials may cause side effects.","The following 19 statements refer to general information about clinical
trials. Please answer whether you believe each treatment is: true,
false, or unsure. - It is up to me to decide whether to be in clinical trial.","The following 19 statements refer to general information about clinical
trials. Please answer whether you believe each treatment is: true,
false, or unsure. - Patients in clinical trials must get their care at different places from patients getting standard treatments.","The following 19 statements refer to general information about clinical
trials. Please answer whether you believe each treatment is: true,
false, or unsure. - If I were to join a clinical trial, I could decide to stop at any time.","The following 19 statements refer to general information about clinical
trials. Please answer whether you believe each treatment is: true,
false, or unsure. - ""Randomization"" means that my treatment will be chosen by chance.","The following 19 statements refer to general information about clinical
trials. Please answer whether you believe each treatment is: true,
false, or unsure. - Once I join a clinical trial, my own doctor will not know what happens to me.","The following 19 statements refer to general information about clinical
trials. Please answer whether you believe each treatment is: true,
false, or unsure. - Most clinical trials involve a placebo (sugar pill).","The following 19 statements refer to general information about clinical
trials. Please answer whether you believe each treatment is: true,
false, or unsure. - Side effects in clinical trials are usually worse than with standard treatments.","The following 19 statements refer to general information about clinical
trials. Please answer whether you believe each treatment is: true,
false, or unsure. - Clinical trials are only used as a last resort.","The following 19 statements refer to general information about clinical
trials. Please answer whether you believe each treatment is: true,
false, or unsure. - The only way to find out about clinical trials is from my doctor.","The following 19 statements refer to general information about clinical
trials. Please answer whether you believe each treatment is: true,
false, or unsure. - Clinical trials are not appropriate for patients with cancer.","The following 19 statements refer to general information about clinical
trials. Please answer whether you believe each treatment is: true,
false, or unsure. - My doctor can start a clinical trial without the approval of professionals who protect patient rights.","The following 19 statements refer to general information about clinical
trials. Please answer whether you believe each treatment is: true,
false, or unsure. - A clinical trial is available for anyone with cancer who wants to take part.","The following 19 statements refer to general information about clinical
trials. Please answer whether you believe each treatment is: true,
false, or unsure. - Institutional Review Boards review and monitor clinical trials to keep patients safe.","The following 19 statements refer to general information about clinical
trials. Please answer whether you believe each treatment is: true,
false, or unsure. - Informed Consent mainly protects researchers from lawsuits.","The following 19 statements refer to general information about clinical
trials. Please answer whether you believe each treatment is: true,
false, or unsure. - Clinical trials are done to improve standard treatments.","The following section contains 15 items about your feelings regarding cancer and clinical trials. Please drag the slider to represent your level of agreement with each statement, where 0 = Strongly Disagree, 50 = Neither Agree nor Disagree, and 100 = Strongly Agree. - I believe clinical trials are only for people with cancer that cannot be treated any other way.","The following section contains 15 items about your feelings regarding cancer and clinical trials. Please drag the slider to represent your level of agreement with each statement, where 0 = Strongly Disagree, 50 = Neither Agree nor Disagree, and 100 = Strongly Agree. - I do not trust the medical system.","The following section contains 15 items about your feelings regarding cancer and clinical trials. Please drag the slider to represent your level of agreement with each statement, where 0 = Strongly Disagree, 50 = Neither Agree nor Disagree, and 100 = Strongly Agree. - I am worried that the treatment I receive in a clinical trial would not work for me.","The following section contains 15 items about your feelings regarding cancer and clinical trials. Please drag the slider to represent your level of agreement with each statement, where 0 = Strongly Disagree, 50 = Neither Agree nor Disagree, and 100 = Strongly Agree. - I am concerned that participating in a clinical trial may be dangerous.","The following section contains 15 items about your feelings regarding cancer and clinical trials. Please drag the slider to represent your level of agreement with each statement, where 0 = Strongly Disagree, 50 = Neither Agree nor Disagree, and 100 = Strongly Agree. - I have concerns about the time, transportation, and/or travel required to participate in a clinical trial.","The following section contains 15 items about your feelings regarding cancer and clinical trials. Please drag the slider to represent your level of agreement with each statement, where 0 = Strongly Disagree, 50 = Neither Agree nor Disagree, and 100 = Strongly Agree. - I am worried about the financial burden of participating in a clinical trial.","The following section contains 15 items about your feelings regarding cancer and clinical trials. Please drag the slider to represent your level of agreement with each statement, where 0 = Strongly Disagree, 50 = Neither Agree nor Disagree, and 100 = Strongly Agree. - I'm worried that my family wouldn't want me to go on a clinical trial.","The following section contains 15 items about your feelings regarding cancer and clinical trials. Please drag the slider to represent your level of agreement with each statement, where 0 = Strongly Disagree, 50 = Neither Agree nor Disagree, and 100 = Strongly Agree. - I am concerned about the privacy of my personal medical information if I participate in a clinical trial.","The following section contains 15 items about your feelings regarding cancer and clinical trials. Please drag the slider to represent your level of agreement with each statement, where 0 = Strongly Disagree, 50 = Neither Agree nor Disagree, and 100 = Strongly Agree. - I'm worried that my medical care won't be as good if I join a clinical trial.","The following section contains 15 items about your feelings regarding cancer and clinical trials. Please drag the slider to represent your level of agreement with each statement, where 0 = Strongly Disagree, 50 = Neither Agree nor Disagree, and 100 = Strongly Agree. - I am concerned about being treated as an experiment rather than a person in a clinical trial.","The following section contains 15 items about your feelings regarding cancer and clinical trials. Please drag the slider to represent your level of agreement with each statement, where 0 = Strongly Disagree, 50 = Neither Agree nor Disagree, and 100 = Strongly Agree. - I'm afraid I'll get a sugar pill (placebo) instead of real medicine on a clinical trial.","The following section contains 15 items about your feelings regarding cancer and clinical trials. Please drag the slider to represent your level of agreement with each statement, where 0 = Strongly Disagree, 50 = Neither Agree nor Disagree, and 100 = Strongly Agree. - I wouldn't ask about clinical trials unless my doctor brought them up first.","The following section contains 15 items about your feelings regarding cancer and clinical trials. Please drag the slider to represent your level of agreement with each statement, where 0 = Strongly Disagree, 50 = Neither Agree nor Disagree, and 100 = Strongly Agree. - I don't like to try new treatments until they've been around for a while.","The following section contains 15 items about your feelings regarding cancer and clinical trials. Please drag the slider to represent your level of agreement with each statement, where 0 = Strongly Disagree, 50 = Neither Agree nor Disagree, and 100 = Strongly Agree. - I am not familiar with what clinical trials are.","The following section contains 15 items about your feelings regarding cancer and clinical trials. Please drag the slider to represent your level of agreement with each statement, where 0 = Strongly Disagree, 50 = Neither Agree nor Disagree, and 100 = Strongly Agree. - I'm afraid that if I take part in a clinical trial my treatment will be selected at random by a computer rather than by my doctor."
"{""ImportId"":""startDate"",""timeZone"":""Z""}","{""ImportId"":""endDate"",""timeZone"":""Z""}","{""ImportId"":""status""}","{""ImportId"":""ipAddress""}","{""ImportId"":""progress""}","{""ImportId"":""duration""}","{""ImportId"":""finished""}","{""ImportId"":""recordedDate"",""timeZone"":""Z""}","{""ImportId"":""_recordId""}","{""ImportId"":""recipientLastName""}","{""ImportId"":""recipientFirstName""}","{""ImportId"":""recipientEmail""}","{""ImportId"":""externalDataReference""}","{""ImportId"":""locationLatitude""}","{""ImportId"":""locationLongitude""}","{""ImportId"":""distributionChannel""}","{""ImportId"":""userLanguage""}","{""ImportId"":""QID1_1""}","{""ImportId"":""QID1_2""}","{""ImportId"":""QID1_3""}","{""ImportId"":""QID1_4""}","{""ImportId"":""QID1_5""}","{""ImportId"":""QID1_6""}","{""ImportId"":""QID1_7""}","{""ImportId"":""QID1_8""}","{""ImportId"":""QID1_9""}","{""ImportId"":""QID1_10""}","{""ImportId"":""QID1_11""}","{""ImportId"":""QID1_12""}","{""ImportId"":""QID1_13""}","{""ImportId"":""QID1_14""}","{""ImportId"":""QID1_15""}","{""ImportId"":""QID1_16""}","{""ImportId"":""QID1_17""}","{""ImportId"":""QID1_18""}","{""ImportId"":""QID1_19""}","{""ImportId"":""QID4_77""}","{""ImportId"":""QID4_78""}","{""ImportId"":""QID4_79""}","{""ImportId"":""QID4_80""}","{""ImportId"":""QID4_81""}","{""ImportId"":""QID4_82""}","{""ImportId"":""QID4_83""}","{""ImportId"":""QID4_84""}","{""ImportId"":""QID4_85""}","{""ImportId"":""QID4_86""}","{""ImportId"":""QID4_87""}","{""ImportId"":""QID4_88""}","{""ImportId"":""QID4_89""}","{""ImportId"":""QID4_90""}","{""ImportId"":""QID4_91""}"
2025-02-17 16:55:00,2025-02-17 16:56:49,0,98.186.199.99,100,109,1,2025-02-17 16:56:50,R_3othdo4HBJyMx2J,,,,,29.9701,-90.0254,anonymous,EN,1,3,2,1,1,1,3,1,2,1,1,2,2,1,2,1,1,2,3,,,,,,,,,,,,,,,
2025-02-17 19:40:46,2025-02-17 19:41:28,0,98.186.199.99,100,41,1,2025-02-17 19:41:28,R_6OJi7FcmMOb3GZe,,,,,29.9701,-90.0254,anonymous,EN,1,1,2,3,1,2,2,3,2,1,1,1,2,2,3,1,1,2,1,43,87,27,66,24,89,24,100,21,49,94,27,66,23,22
